Workbook

Sheet FAT MENSAL CLIENTE 2025
B49: 2025
B50: 1 A 15 DO MÊS
B51: PLACAS | C51: JAN | D51: FEV | E51: MAR | F51: ABR | G51: MAI | H51: JUN | I51: JUL | J51: AGO | K51: SET | L51: OUT | M51: NOV | N51: DEZ | O51: TOTAL ANUAL
B52: RAQ3J90
B53: RAQ5F96
B54: RAT8F79
B55: RAU3I63
B56: RAX6E36
B57: TOTAL 15° | C57: =SUM(C52:C56) -> 0 | D57: =SUM(D52:D56) -> 0 | E57: =SUM(E52:E56) -> 0 | F57: =SUM(F52:F56) -> 0 | G57: =SUM(G52:G56) -> 0 | H57: =SUM(H52:H56) -> 0 | I57: =SUM(I52:I56) -> 0 | J57: =SUM(J52:J56) -> 0 | ... O57: =SUM(O52:O56) -> 0
B59: 2025
B60: 16 A 30 DO MÊS
B61: PLACAS | C61: JAN | D61: FEV | E61: MAR | F61: ABR | G61: MAI | H61: JUN | I61: JUL | J61: AGO | K61: SET | L61: OUT | M61: NOV | N61: DEZ | O61: TOTAL ANUAL
B62: RAQ3J90
B63: RAQ5F96
B64: RAT8F79
B65: RAU3I63
B66: RAX6E36
B67: TOTAL 15° | C67: =SUM(C62:C66) -> 0 | D67: =SUM(D62:D66) -> 0 | E67: =SUM(E62:E66) -> 0 | F67: =SUM(F62:F66) -> 0 | G67: =SUM(G62:G66) -> 0 | H67: =SUM(H62:H66) -> 0 | I67: =SUM(I62:I66) -> 0 | J67: =SUM(J62:J66) -> 0 | ... O67: =SUM(O62:O66) -> 0

Sheet FAT MENSAL LEB 2025
B39: 2025
B40: 1 A 15 DO MÊS
B41: PLACAS | C41: JAN | D41: FEV | E41: MAR | F41: ABR | G41: MAI | H41: JUN | I41: JUL | J41: AGO | K41: SET | L41: OUT | M41: NOV | N41: DEZ | O41: TOTAL ANUAL
B42: RAQ3J90
B43: RAQ5F96
B44: RAT8F79
B45: RAU3I63
B46: RAX6E36
B47: TOTAL QUINZENA | C47: =SUM(C42:C46) -> 0 | D47: =SUM(D42:D46) -> 0 | E47: =SUM(E42:E46) -> 0 | F47: =SUM(F42:F46) -> 0 | G47: =SUM(G42:G46) -> 0 | H47: =SUM(H42:H46) -> 0 | I47: =SUM(I42:I46) -> 0 | J47: =SUM(J42:J46) -> 0 | ... O47: =SUM(O42:O46) -> 0
B49: 2025
B50: 16 A 30 DO MÊS
B51: PLACAS | C51: JAN | D51: FEV | E51: MAR | F51: ABR | G51: MAI | H51: JUN | I51: JUL | J51: AGO | K51: SET | L51: OUT | M51: NOV | N51: DEZ | O51: TOTAL ANUAL
B52: RAQ3J90
B53: RAQ5F96
B54: RAT8F79
B55: RAU3I63
B56: RAX6E36
B57: TOTAL QUINZENA | C57: =SUM(C52:C56) -> 0 | D57: =SUM(D52:D56) -> 0 | E57: =SUM(E52:E56) -> 0 | F57: =SUM(F52:F56) -> 0 | G57: =SUM(G52:G56) -> 0 | H57: =SUM(H52:H56) -> 0 | I57: =SUM(I52:I56) -> 0 | J57: =SUM(J52:J56) -> 0 | ... O57: =SUM(O52:O56) -> 0

Sheet FAT MENSAL-ANUAL
I1: 2023
B2: PLACAS | C2: JAN | D2: FEV | E2: MAR | F2: ABR | G2: MAI | H2: JUN | I2: JUL | J2: AGO | K2: SET | L2: OUT | M2: NOV | N2: DEZ | O2: TOTAL ANUAL
B3: RAQ3J90 | C3: 43851 | D3: 49900 | E3: 68800 | F3: 58200 | G3: 69500 | H3: 58600 | I3: 67300 | J3: 49100 | K3: 9100 | L3: - | M3: - | N3: - | O3: =SUM(Tabela1[[#This Row],[JAN]:[SET]]) -> 474351
B4: RAQ5F96 | C4: 44252.47 | D4: 36458 | E4: 36208.6 | F4: 28292.1 | G4: 53063 | H4: 32587.2 | I4: 37057.5 | J4: 40454.55 | K4: 45103.8 | L4: 47515.94 | M4: 39374.2 | N4: 43709.95 | O4: =SUM(Tabela1[[#This Row],[JAN]:[SET]]) -> 353477.22
B5: RAT8F79 | C5: 24777 | D5: 44581 | E5: 36691.4 | F5: 43605 | G5: 53321.35 | H5: 44406.4 | I5: 41497.8 | J5: 32583.8 | K5: 40305.8 | L5: 54749.1 | M5: 47369.5 | N5: 41226.02 | O5: =SUM(Tabela1[[#This Row],[JAN]:[SET]]) -> 361769.55
B6: RAU3I63 | C6: 40486.5 | D6: 45477.24 | E6: 43384.8 | F6: 36085.1 | G6: 37971.8 | H6: 65544.7 | I6: 41899.42 | J6: 50985.92 | K6: 40305.8 | L6: 49570.38 | M6: 47167.45 | N6: 34659.9 | O6: =SUM(Tabela1[[#This Row],[JAN]:[SET]]) -> 402141.28
B7: RAX6E36 | C7: 40487.32 | D7: 12629 | E7: 45479.7 | F7: 31130.5 | G7: 41259.2 | H7: 43304.55 | I7: 52551 | J7: 41753.9 | K7: 39719.22 | L7: 41645.52 | M7: 32161.8 | N7: 46851.02 | O7: =SUM(Tabela1[[#This Row],[JAN]:[SET]]) -> 348314.39
B8: RRQ3D35 | C8: 41493 | D8: 42309.96 | E8: 32614.2 | F8: 41011.5 | G8: 54511.3 | H8: 37677.8 | I8: 29811.85 | J8: 50672.2 | K8: 51893.3 | L8: 37274.1 | M8: 17981 | N8: - | O8: =SUM(Tabela1[[#This Row],[JAN]:[SET]]) -> 381995.11
B9: TOTAL MENSAL | C9: =SUM(Tabela1[JAN]) -> 235347.29 | D9: =SUM(Tabela1[FEV]) -> 231355.2 | E9: =SUM(Tabela1[MAR]) -> 263178.7 | F9: =SUM(Tabela1[ABR]) -> 238324.2 | G9: =SUM(Tabela1[MAI]) -> 309626.65 | H9: =SUM(Tabela1[JUN]) -> 282120.65 | I9: =SUM(Tabela1[JUL]) -> 270117.57 | J9: =SUM(Tabela1[AGO]) -> 265550.37 | K9: =SUM(Tabela1[SET]) -> 226427.92 | L9: =SUM(Tabela1[OUT]) -> 230755.04 | M9: =SUM(Tabela1[NOV]) -> 184053.95 | N9: =SUM(Tabela1[DEZ]) -> 166446.89 | O9: =SUM(Tabela1[TOTAL ANUAL]) -> 2322048.5
I11: 2024
B12: PLACAS | C12: JAN | D12: FEV | E12: MAR | F12: ABR | G12: MAI | H12: JUN | I12: JUL | J12: AGO | K12: SET | L12: OUT | M12: NOV | N12: DEZ | O12: TOTAL ANUAL
B13: RAQ3J90 | C13: 32185.1 | D13: 41852.38 | E13: 26416.4 | F13: 29851 | G13: 33530.2 | H13: 34022.83 | I13: 30899.13 | J13: 43286.62 | K13: 38140.9 | L13: 45588.78 | M13: 28085 | N13: 29206.5 | O13: =SUM(Tabela24[[#This Row],[JAN]:[DEZ]]) -> 413064.84
B14: RAQ5F96 | C14: 38837.5 | D14: 34724.5 | E14: 35524.01 | F14: 33587.1 | G14: 43699.5 | H14: 28682.66 | I14: 32647 | J14: 38658.1 | K14: 36730 | L14: 23695.5 | M14: 29781 | N14: 31997 | O14: =SUM(Tabela24[[#This Row],[JAN]:[DEZ]]) -> 408563.87
B15: RAT8F79 | C15: 23615.64 | D15: 17987.3 | E15: 33948.92 | F15: 37971.38 | G15: 41120.6 | H15: 32964.25 | I15: 51255.24 | J15: 29049.26 | K15: 39484.7 | L15: 40439.1 | M15: 40685.7 | N15: 29319 | O15: =SUM(Tabela24[[#This Row],[JAN]:[DEZ]]) -> 417841.09
B16: RAU3I63 | C16: 43454.9 | D16: 38249.5 | E16: 37362.35 | F16: 33493.5 | G16: 42973.08 | H16: 32429.5 | I16: 43005 | J16: 38451.15 | K16: 47789.5 | L16: 55581.48 | M16: 39735.68 | N16: 34894.5 | O16: =SUM(Tabela24[[#This Row],[JAN]:[DEZ]]) -> 487420.14
B17: RAX6E36 | C17: 14183.75 | D17: 36221.58 | E17: 27960.9 | F17: 36452.75 | G17: 47759.2 | H17: 32263.81 | I17: 34866.93 | J17: 45668.25 | K17: 35512.18 | L17: 44706.1 | M17: 37693 | N17: 43067.8 | O17: =SUM(Tabela24[[#This Row],[JAN]:[DEZ]]) -> 436356.25
B18: TOTAL MENSAL | C18: =SUM(C13:C17) -> 152276.89 | D18: =SUM(D13:D17) -> 169035.26 | E18: =SUM(E13:E17) -> 161212.58 | F18: =SUM(F13:F17) -> 171355.73 | G18: =SUM(G13:G17) -> 209082.58 | H18: =SUM(H13:H17) -> 160363.05 | I18: =SUM(I13:I17) -> 192673.3 | J18: =SUM(J13:J17) -> 195113.38 | ... N18: =SUM(N13:N17) -> 168484.8 | O18: =SUM(Tabela24[[#This Row],[JAN]:[DEZ]]) -> 2163246.2
I20: 2025
B21: PLACAS | C21: JAN | D21: FEV | E21: MAR | F21: ABR | G21: MAI | H21: JUN | I21: JUL | J21: AGO | K21: SET | L21: OUT | M21: NOV | N21: DEZ | O21: TOTAL ANUAL
B22: RAQ3J90 | C22: 37027 | D22: 31620.6 | E22: 31500.9 | F22: =SUM('FAT MENSAL CLIENTE 2025'!F52+'FAT MENSAL CLIENTE 2025'!F62+'FAT MENSAL LEB 2025'!F42+'FAT MENSAL LEB 2025'!F52) -> 0 | G22: =SUM('FAT MENSAL CLIENTE 2025'!G62+'FAT MENSAL CLIENTE 2025'!G52+'FAT MENSAL LEB 2025'!G42+'FAT MENSAL LEB 2025'!G52) -> 0 | H22: =SUM('FAT MENSAL CLIENTE 2025'!H52+'FAT MENSAL LEB 2025'!H42+'FAT MENSAL CLIENTE 2025'!H62+'FAT MENSAL LEB 2025'!H52) -> 0 | I22: =SUM('FAT MENSAL CLIENTE 2025'!I52+'FAT MENSAL CLIENTE 2025'!I62+'FAT MENSAL LEB 2025'!I42+'FAT MENSAL LEB 2025'!I52) -> 0 | J22: =SUM('FAT MENSAL CLIENTE 2025'!J52+'FAT MENSAL LEB 2025'!J42+'FAT MENSAL CLIENTE 2025'!J62+'FAT MENSAL LEB 2025'!J52) -> 0 | K22: =SUM('FAT MENSAL CLIENTE 2025'!K52+'FAT MENSAL LEB 2025'!K42+'FAT MENSAL CLIENTE 2025'!K62+'FAT MENSAL LEB 2025'!K52) -> 0 | L22: =SUM('FAT MENSAL CLIENTE 2025'!L52+'FAT MENSAL LEB 2025'!L42+'FAT MENSAL CLIENTE 2025'!L62+'FAT MENSAL LEB 2025'!L52) -> 0 | M22: =SUM('FAT MENSAL CLIENTE 2025'!M52+'FAT MENSAL LEB 2025'!M42+'FAT MENSAL CLIENTE 2025'!M62+'FAT MENSAL LEB 2025'!M52) -> 0 | N22: =SUM('FAT MENSAL CLIENTE 2025'!N52+'FAT MENSAL LEB 2025'!N42+'FAT MENSAL CLIENTE 2025'!N62+'FAT MENSAL LEB 2025'!N52) -> 0 | O22: =SUM(Tabela4[[#This Row],[JAN]:[DEZ]]) -> 100148.5
B23: RAQ5F96 | C23: 27463.9 | D23: 23559 | E23: 25716.8 | F23: =SUM('FAT MENSAL CLIENTE 2025'!F53+'FAT MENSAL CLIENTE 2025'!F63+'FAT MENSAL LEB 2025'!F43+'FAT MENSAL LEB 2025'!F53) -> 0 | G23: =SUM('FAT MENSAL CLIENTE 2025'!G63+'FAT MENSAL CLIENTE 2025'!G53+'FAT MENSAL LEB 2025'!G43+'FAT MENSAL LEB 2025'!G53) -> 0 | H23: =SUM('FAT MENSAL CLIENTE 2025'!H53+'FAT MENSAL LEB 2025'!H43+'FAT MENSAL CLIENTE 2025'!H63+'FAT MENSAL LEB 2025'!H53) -> 0 | I23: =SUM('FAT MENSAL CLIENTE 2025'!I53+'FAT MENSAL CLIENTE 2025'!I63+'FAT MENSAL LEB 2025'!I43+'FAT MENSAL LEB 2025'!I53) -> 0 | J23: =SUM('FAT MENSAL CLIENTE 2025'!J53+'FAT MENSAL LEB 2025'!J43+'FAT MENSAL CLIENTE 2025'!J63+'FAT MENSAL LEB 2025'!J53) -> 0 | K23: =SUM('FAT MENSAL CLIENTE 2025'!K53+'FAT MENSAL LEB 2025'!K43+'FAT MENSAL CLIENTE 2025'!K63+'FAT MENSAL LEB 2025'!K53) -> 0 | L23: =SUM('FAT MENSAL CLIENTE 2025'!L53+'FAT MENSAL LEB 2025'!L43+'FAT MENSAL CLIENTE 2025'!L63+'FAT MENSAL LEB 2025'!L53) -> 0 | M23: =SUM('FAT MENSAL CLIENTE 2025'!M53+'FAT MENSAL LEB 2025'!M43+'FAT MENSAL CLIENTE 2025'!M63+'FAT MENSAL LEB 2025'!M53) -> 0 | N23: =SUM('FAT MENSAL CLIENTE 2025'!N53+'FAT MENSAL LEB 2025'!N43+'FAT MENSAL CLIENTE 2025'!N63+'FAT MENSAL LEB 2025'!N53) -> 0 | O23: =SUM(Tabela4[[#This Row],[JAN]:[DEZ]]) -> 76739.7
B24: RAT8F79 | C24: 30431 | D24: 35621.9 | E24: 33157 | F24: =SUM('FAT MENSAL CLIENTE 2025'!F54+'FAT MENSAL CLIENTE 2025'!F64+'FAT MENSAL LEB 2025'!F44+'FAT MENSAL LEB 2025'!F54) -> 0 | G24: =SUM('FAT MENSAL CLIENTE 2025'!G64+'FAT MENSAL CLIENTE 2025'!G54+'FAT MENSAL LEB 2025'!G44+'FAT MENSAL LEB 2025'!G54) -> 0 | H24: =SUM('FAT MENSAL CLIENTE 2025'!H54+'FAT MENSAL LEB 2025'!H44+'FAT MENSAL CLIENTE 2025'!H64+'FAT MENSAL LEB 2025'!H54) -> 0 | I24: =SUM('FAT MENSAL CLIENTE 2025'!I54+'FAT MENSAL CLIENTE 2025'!I64+'FAT MENSAL LEB 2025'!I44+'FAT MENSAL LEB 2025'!I54) -> 0 | J24: =SUM('FAT MENSAL CLIENTE 2025'!J54+'FAT MENSAL LEB 2025'!J44+'FAT MENSAL CLIENTE 2025'!J64+'FAT MENSAL LEB 2025'!J54) -> 0 | K24: =SUM('FAT MENSAL CLIENTE 2025'!K54+'FAT MENSAL LEB 2025'!K44+'FAT MENSAL CLIENTE 2025'!K64+'FAT MENSAL LEB 2025'!K54) -> 0 | L24: =SUM('FAT MENSAL CLIENTE 2025'!L54+'FAT MENSAL LEB 2025'!L44+'FAT MENSAL CLIENTE 2025'!L64+'FAT MENSAL LEB 2025'!L54) -> 0 | M24: =SUM('FAT MENSAL CLIENTE 2025'!M54+'FAT MENSAL LEB 2025'!M44+'FAT MENSAL CLIENTE 2025'!M64+'FAT MENSAL LEB 2025'!M54) -> 0 | N24: =SUM('FAT MENSAL CLIENTE 2025'!N54+'FAT MENSAL LEB 2025'!N44+'FAT MENSAL CLIENTE 2025'!N64+'FAT MENSAL LEB 2025'!N54) -> 0 | O24: =SUM(Tabela4[[#This Row],[JAN]:[DEZ]]) -> 99209.9
B25: RAU3I63 | C25: 24080.8 | D25: 46738.18 | E25: 26836.2 | F25: =SUM('FAT MENSAL CLIENTE 2025'!F55+'FAT MENSAL CLIENTE 2025'!F65+'FAT MENSAL LEB 2025'!F45+'FAT MENSAL LEB 2025'!F55) -> 0 | G25: =SUM('FAT MENSAL CLIENTE 2025'!G65+'FAT MENSAL CLIENTE 2025'!G55+'FAT MENSAL LEB 2025'!G45+'FAT MENSAL LEB 2025'!G55) -> 0 | H25: =SUM('FAT MENSAL CLIENTE 2025'!H55+'FAT MENSAL LEB 2025'!H45+'FAT MENSAL CLIENTE 2025'!H65+'FAT MENSAL LEB 2025'!H55) -> 0 | I25: =SUM('FAT MENSAL CLIENTE 2025'!I55+'FAT MENSAL CLIENTE 2025'!I65+'FAT MENSAL LEB 2025'!I45+'FAT MENSAL LEB 2025'!I55) -> 0 | J25: =SUM('FAT MENSAL CLIENTE 2025'!J55+'FAT MENSAL LEB 2025'!J45+'FAT MENSAL CLIENTE 2025'!J65+'FAT MENSAL LEB 2025'!J55) -> 0 | K25: =SUM('FAT MENSAL CLIENTE 2025'!K55+'FAT MENSAL LEB 2025'!K45+'FAT MENSAL CLIENTE 2025'!K65+'FAT MENSAL LEB 2025'!K55) -> 0 | L25: =SUM('FAT MENSAL CLIENTE 2025'!L55+'FAT MENSAL LEB 2025'!L45+'FAT MENSAL CLIENTE 2025'!L65+'FAT MENSAL LEB 2025'!L55) -> 0 | M25: =SUM('FAT MENSAL CLIENTE 2025'!M55+'FAT MENSAL LEB 2025'!M45+'FAT MENSAL CLIENTE 2025'!M65+'FAT MENSAL LEB 2025'!M55) -> 0 | N25: =SUM('FAT MENSAL CLIENTE 2025'!N55+'FAT MENSAL LEB 2025'!N45+'FAT MENSAL CLIENTE 2025'!N65+'FAT MENSAL LEB 2025'!N55) -> 0 | O25: =SUM(Tabela4[[#This Row],[JAN]:[DEZ]]) -> 97655.18
B26: RAX6E36 | C26: 28394.9 | D26: 44982.8 | E26: 37976.58 | F26: =SUM('FAT MENSAL CLIENTE 2025'!F56+'FAT MENSAL CLIENTE 2025'!F66+'FAT MENSAL LEB 2025'!F46+'FAT MENSAL LEB 2025'!F56) -> 0 | G26: =SUM('FAT MENSAL CLIENTE 2025'!G66+'FAT MENSAL CLIENTE 2025'!G56+'FAT MENSAL LEB 2025'!G46+'FAT MENSAL LEB 2025'!G56) -> 0 | H26: =SUM('FAT MENSAL CLIENTE 2025'!H56+'FAT MENSAL LEB 2025'!H46+'FAT MENSAL CLIENTE 2025'!H66+'FAT MENSAL LEB 2025'!H56) -> 0 | I26: =SUM('FAT MENSAL CLIENTE 2025'!I56+'FAT MENSAL CLIENTE 2025'!I66+'FAT MENSAL LEB 2025'!I46+'FAT MENSAL LEB 2025'!I56) -> 0 | J26: =SUM('FAT MENSAL CLIENTE 2025'!J56+'FAT MENSAL LEB 2025'!J46+'FAT MENSAL CLIENTE 2025'!J66+'FAT MENSAL LEB 2025'!J56) -> 0 | K26: =SUM('FAT MENSAL CLIENTE 2025'!K56+'FAT MENSAL LEB 2025'!K46+'FAT MENSAL CLIENTE 2025'!K66+'FAT MENSAL LEB 2025'!K56) -> 0 | L26: =SUM('FAT MENSAL CLIENTE 2025'!L56+'FAT MENSAL LEB 2025'!L46+'FAT MENSAL CLIENTE 2025'!L66+'FAT MENSAL LEB 2025'!L56) -> 0 | M26: =SUM('FAT MENSAL CLIENTE 2025'!M56+'FAT MENSAL LEB 2025'!M46+'FAT MENSAL CLIENTE 2025'!M66+'FAT MENSAL LEB 2025'!M56) -> 0 | N26: =SUM('FAT MENSAL CLIENTE 2025'!N56+'FAT MENSAL LEB 2025'!N46+'FAT MENSAL CLIENTE 2025'!N66+'FAT MENSAL LEB 2025'!N56) -> 0 | O26: =SUM(Tabela4[[#This Row],[JAN]:[DEZ]]) -> 111354.28
B27: TOTAL MENSAL | C27: =SUM(C22:C26) -> 147397.6 | D27: =SUM(D22:D26) -> 182522.48 | E27: =SUM(E22:E26) -> 155187.48 | F27: =SUM(F22:F26) -> 0 | G27: =SUM('FAT MENSAL CLIENTE 2025'!G67+'FAT MENSAL CLIENTE 2025'!G57+'FAT MENSAL LEB 2025'!G47+'FAT MENSAL LEB 2025'!G57) -> 0 | H27: =SUM(H22:H26) -> 0 | I27: =SUM('FAT MENSAL CLIENTE 2025'!I57+'FAT MENSAL CLIENTE 2025'!I67+'FAT MENSAL LEB 2025'!I47+'FAT MENSAL LEB 2025'!I57) -> 0 | J27: =SUM(J22:J26) -> 0 | K27: =SUM(K22:K26) -> 0 | L27: =SUM(L22:L26) -> 0 | M27: =SUM(M22:M26) -> 0 | N27: =SUM(N22:N26) -> 0 | O27: =SUM(Tabela4[[#This Row],[JAN]:[DEZ]]) -> 485107.56
I29: 2026
B30: PLACAS | C30: JAN | D30: FEV | E30: MAR | F30: ABR | G30: MAI | H30: JUN | I30: JUL | J30: AGO | K30: SET | L30: OUT | M30: NOV | N30: DEZ | O30: TOTAL ANUAL
B31: RAQ3J90 | C31: =SUM('FAT MENSAL CLIENTE 2026'!C52+'FAT MENSAL LEB 2026'!C42+'FAT MENSAL CLIENTE 2026'!C62+'FAT MENSAL LEB 2026'!C52) -> 0 | D31: =SUM('FAT MENSAL CLIENTE 2026'!D52+'FAT MENSAL LEB 2026'!D42+'FAT MENSAL CLIENTE 2026'!D62+'FAT MENSAL LEB 2026'!D52) -> 0 | E31: =SUM('FAT MENSAL CLIENTE 2026'!E52+'FAT MENSAL LEB 2026'!E42+'FAT MENSAL CLIENTE 2026'!E62+'FAT MENSAL LEB 2026'!E52) -> 0 | F31: =SUM('FAT MENSAL CLIENTE 2026'!F52+'FAT MENSAL LEB 2026'!F42+'FAT MENSAL CLIENTE 2026'!F62+'FAT MENSAL LEB 2026'!F52) -> 0 | G31: =SUM('FAT MENSAL CLIENTE 2026'!G52+'FAT MENSAL LEB 2026'!G42+'FAT MENSAL CLIENTE 2026'!G62+'FAT MENSAL LEB 2026'!G52) -> 0 | H31: 0 | I31: 0 | J31: 0 | K31: =SUM('FAT MENSAL CLIENTE 2026'!K52+'FAT MENSAL LEB 2026'!K42+'FAT MENSAL CLIENTE 2026'!K62+'FAT MENSAL LEB 2026'!K52) -> 0 | L31: =SUM('FAT MENSAL CLIENTE 2026'!L52+'FAT MENSAL LEB 2026'!L42+'FAT MENSAL CLIENTE 2026'!L62+'FAT MENSAL LEB 2026'!L52) -> 0 | M31: =SUM('FAT MENSAL CLIENTE 2026'!M52+'FAT MENSAL LEB 2026'!M42+'FAT MENSAL CLIENTE 2026'!M62+'FAT MENSAL LEB 2026'!M52) -> 0 | N31: =SUM('FAT MENSAL CLIENTE 2026'!N52+'FAT MENSAL LEB 2026'!N42+'FAT MENSAL CLIENTE 2026'!N62+'FAT MENSAL LEB 2026'!N52) -> 0 | O31: =SUM(Tabela410[[#This Row],[JAN]:[DEZ]]) -> 0
B32: RAQ5F96 | C32: =SUM('FAT MENSAL CLIENTE 2026'!C53+'FAT MENSAL LEB 2026'!C43+'FAT MENSAL CLIENTE 2026'!C63+'FAT MENSAL LEB 2026'!C53) -> 0 | D32: =SUM('FAT MENSAL CLIENTE 2026'!D53+'FAT MENSAL LEB 2026'!D43+'FAT MENSAL CLIENTE 2026'!D63+'FAT MENSAL LEB 2026'!D53) -> 0 | E32: =SUM('FAT MENSAL CLIENTE 2026'!E53+'FAT MENSAL LEB 2026'!E43+'FAT MENSAL CLIENTE 2026'!E63+'FAT MENSAL LEB 2026'!E53) -> 0 | F32: =SUM('FAT MENSAL CLIENTE 2026'!F53+'FAT MENSAL LEB 2026'!F43+'FAT MENSAL CLIENTE 2026'!F63+'FAT MENSAL LEB 2026'!F53) -> 0 | G32: =SUM('FAT MENSAL CLIENTE 2026'!G53+'FAT MENSAL LEB 2026'!G43+'FAT MENSAL CLIENTE 2026'!G63+'FAT MENSAL LEB 2026'!G53) -> 0 | H32: =SUM('FAT MENSAL CLIENTE 2026'!H53+'FAT MENSAL LEB 2026'!H43+'FAT MENSAL CLIENTE 2026'!H63+'FAT MENSAL LEB 2026'!H53) -> 0 | I32: =SUM('FAT MENSAL CLIENTE 2026'!I53+'FAT MENSAL LEB 2026'!I43+'FAT MENSAL CLIENTE 2026'!I63+'FAT MENSAL LEB 2026'!I53) -> 0 | J32: =SUM('FAT MENSAL CLIENTE 2026'!J53+'FAT MENSAL LEB 2026'!J43+'FAT MENSAL CLIENTE 2026'!J63+'FAT MENSAL LEB 2026'!J53) -> 0 | ... N32: =SUM('FAT MENSAL CLIENTE 2026'!N53+'FAT MENSAL LEB 2026'!N43+'FAT MENSAL CLIENTE 2026'!N63+'FAT MENSAL LEB 2026'!N53) -> 0 | O32: =SUM(Tabela410[[#This Row],[JAN]:[DEZ]]) -> 0
B33: RAT8F79 | C33: =SUM('FAT MENSAL CLIENTE 2026'!C54+'FAT MENSAL LEB 2026'!C44+'FAT MENSAL CLIENTE 2026'!C64+'FAT MENSAL LEB 2026'!C54) -> 0 | D33: =SUM('FAT MENSAL CLIENTE 2026'!D54+'FAT MENSAL LEB 2026'!D44+'FAT MENSAL CLIENTE 2026'!D64+'FAT MENSAL LEB 2026'!D54) -> 0 | E33: =SUM('FAT MENSAL CLIENTE 2026'!E54+'FAT MENSAL LEB 2026'!E44+'FAT MENSAL CLIENTE 2026'!E64+'FAT MENSAL LEB 2026'!E54) -> 0 | F33: =SUM('FAT MENSAL CLIENTE 2026'!F54+'FAT MENSAL LEB 2026'!F44+'FAT MENSAL CLIENTE 2026'!F64+'FAT MENSAL LEB 2026'!F54) -> 0 | G33: =SUM('FAT MENSAL CLIENTE 2026'!G54+'FAT MENSAL LEB 2026'!G44+'FAT MENSAL CLIENTE 2026'!G64+'FAT MENSAL LEB 2026'!G54) -> 0 | H33: =SUM('FAT MENSAL CLIENTE 2026'!H54+'FAT MENSAL LEB 2026'!H44+'FAT MENSAL CLIENTE 2026'!H64+'FAT MENSAL LEB 2026'!H54) -> 0 | I33: =SUM('FAT MENSAL CLIENTE 2026'!I54+'FAT MENSAL LEB 2026'!I44+'FAT MENSAL CLIENTE 2026'!I64+'FAT MENSAL LEB 2026'!I54) -> 0 | J33: =SUM('FAT MENSAL CLIENTE 2026'!J54+'FAT MENSAL LEB 2026'!J44+'FAT MENSAL CLIENTE 2026'!J64+'FAT MENSAL LEB 2026'!J54) -> 0 | ... N33: =SUM('FAT MENSAL CLIENTE 2026'!N54+'FAT MENSAL LEB 2026'!N44+'FAT MENSAL CLIENTE 2026'!N64+'FAT MENSAL LEB 2026'!N54) -> 0 | O33: =SUM(Tabela410[[#This Row],[JAN]:[DEZ]]) -> 0
B34: RAU3I63 | C34: =SUM('FAT MENSAL CLIENTE 2026'!C55+'FAT MENSAL LEB 2026'!C45+'FAT MENSAL CLIENTE 2026'!C65+'FAT MENSAL LEB 2026'!C55) -> 0 | D34: =SUM('FAT MENSAL CLIENTE 2026'!D55+'FAT MENSAL LEB 2026'!D45+'FAT MENSAL CLIENTE 2026'!D65+'FAT MENSAL LEB 2026'!D55) -> 0 | E34: =SUM('FAT MENSAL CLIENTE 2026'!E55+'FAT MENSAL LEB 2026'!E45+'FAT MENSAL CLIENTE 2026'!E65+'FAT MENSAL LEB 2026'!E55) -> 0 | F34: =SUM('FAT MENSAL CLIENTE 2026'!F55+'FAT MENSAL LEB 2026'!F45+'FAT MENSAL CLIENTE 2026'!F65+'FAT MENSAL LEB 2026'!F55) -> 0 | G34: =SUM('FAT MENSAL CLIENTE 2026'!G55+'FAT MENSAL LEB 2026'!G45+'FAT MENSAL CLIENTE 2026'!G65+'FAT MENSAL LEB 2026'!G55) -> 0 | H34: =SUM('FAT MENSAL CLIENTE 2026'!H55+'FAT MENSAL LEB 2026'!H45+'FAT MENSAL CLIENTE 2026'!H65+'FAT MENSAL LEB 2026'!H55) -> 0 | I34: =SUM('FAT MENSAL CLIENTE 2026'!I55+'FAT MENSAL LEB 2026'!I45+'FAT MENSAL CLIENTE 2026'!I65+'FAT MENSAL LEB 2026'!I55) -> 0 | J34: =SUM('FAT MENSAL CLIENTE 2026'!J55+'FAT MENSAL LEB 2026'!J45+'FAT MENSAL CLIENTE 2026'!J65+'FAT MENSAL LEB 2026'!J55) -> 0 | ... N34: =SUM('FAT MENSAL CLIENTE 2026'!N55+'FAT MENSAL LEB 2026'!N45+'FAT MENSAL CLIENTE 2026'!N65+'FAT MENSAL LEB 2026'!N55) -> 0 | O34: =SUM(Tabela410[[#This Row],[JAN]:[DEZ]]) -> 0
B35: RAX6E36 | C35: =SUM('FAT MENSAL CLIENTE 2026'!C56+'FAT MENSAL LEB 2026'!C46+'FAT MENSAL CLIENTE 2026'!C66+'FAT MENSAL LEB 2026'!C56) -> 0 | D35: =SUM('FAT MENSAL CLIENTE 2026'!D56+'FAT MENSAL LEB 2026'!D46+'FAT MENSAL CLIENTE 2026'!D66+'FAT MENSAL LEB 2026'!D56) -> 0 | E35: =SUM('FAT MENSAL CLIENTE 2026'!E56+'FAT MENSAL LEB 2026'!E46+'FAT MENSAL CLIENTE 2026'!E66+'FAT MENSAL LEB 2026'!E56) -> 0 | F35: =SUM('FAT MENSAL CLIENTE 2026'!F56+'FAT MENSAL LEB 2026'!F46+'FAT MENSAL CLIENTE 2026'!F66+'FAT MENSAL LEB 2026'!F56) -> 0 | G35: =SUM('FAT MENSAL CLIENTE 2026'!G56+'FAT MENSAL LEB 2026'!G46+'FAT MENSAL CLIENTE 2026'!G66+'FAT MENSAL LEB 2026'!G56) -> 0 | H35: =SUM('FAT MENSAL CLIENTE 2026'!H56+'FAT MENSAL LEB 2026'!H46+'FAT MENSAL CLIENTE 2026'!H66+'FAT MENSAL LEB 2026'!H56) -> 0 | I35: =SUM('FAT MENSAL CLIENTE 2026'!I56+'FAT MENSAL LEB 2026'!I46+'FAT MENSAL CLIENTE 2026'!I66+'FAT MENSAL LEB 2026'!I56) -> 0 | J35: =SUM('FAT MENSAL CLIENTE 2026'!J56+'FAT MENSAL LEB 2026'!J46+'FAT MENSAL CLIENTE 2026'!J66+'FAT MENSAL LEB 2026'!J56) -> 0 | ... N35: =SUM('FAT MENSAL CLIENTE 2026'!N56+'FAT MENSAL LEB 2026'!N46+'FAT MENSAL CLIENTE 2026'!N66+'FAT MENSAL LEB 2026'!N56) -> 0 | O35: =SUM(Tabela410[[#This Row],[JAN]:[DEZ]]) -> 0
B36: TOTAL MENSAL | C36: =C31+C32+C33+C34+C35 -> 0 | D36: =D31+D32+D33+D34+D35 -> 0 | E36: =E31+E32+E33+E34+E35 -> 0 | F36: =F31+F32+F33+F34+F35 -> 0 | G36: =G31+G32+G33+G34+G35 -> 0 | H36: =H31+H32+H33+H34+H35 -> 0 | I36: =I31+I32+I33+I34+I35 -> 0 | J36: =J31+J32+J33+J34+J35 -> 0 | ... O36: =O31+O32+O33+O34+O35 -> 0

Sheet FAT MENSAL CLIENTE 2026
B49: 2026
B50: 1 A 15 DO MÊS
B51: PLACAS | C51: JAN | D51: FEV | E51: MAR | F51: ABR | G51: MAI | H51: JUN | I51: JUL | J51: AGO | K51: SET | L51: OUT | M51: NOV | N51: DEZ | O51: TOTAL ANUAL
B52: RAQ3J90 | J52: - | O52: =SUM(Tabela511[[#This Row],[JAN]:[DEZ]]) -> 0
B53: RAQ5F96 | O53: =SUM(Tabela511[[#This Row],[JAN]:[DEZ]]) -> 0
B54: RAT8F79 | O54: =SUM(Tabela511[[#This Row],[JAN]:[DEZ]]) -> 0
B55: RAU3I63 | O55: =SUM(Tabela511[[#This Row],[JAN]:[DEZ]]) -> 0
B56: RAX6E36 | O56: =SUM(Tabela511[[#This Row],[JAN]:[DEZ]]) -> 0
B57: TOTAL 15° | C57: =SUM(C52:C56) -> 0 | D57: =SUM(D52:D56) -> 0 | E57: =SUM(E52:E56) -> 0 | F57: =SUM(F52:F56) -> 0 | G57: =SUM(G52:G56) -> 0 | H57: =SUM(H52:H56) -> 0 | I57: =SUM(I52:I56) -> 0 | J57: =SUM(J52:J56) -> 0 | ... N57: =SUM(N52:N56) -> 0 | O57: =SUM(Tabela511[[#This Row],[JAN]:[DEZ]]) -> 0
B59: 2026
B60: 16 A 30 DO MÊS
B61: PLACAS | C61: JAN | D61: FEV | E61: MAR | F61: ABR | G61: MAI | H61: JUN | I61: JUL | J61: AGO | K61: SET | L61: OUT | M61: NOV | N61: DEZ | O61: TOTAL ANUAL
B62: RAQ3J90 | O62: =SUM(Tabela5812[[#This Row],[JAN]:[DEZ]]) -> 0
B63: RAQ5F96 | O63: =SUM(Tabela5812[[#This Row],[JAN]:[DEZ]]) -> 0
B64: RAT8F79 | O64: =SUM(Tabela5812[[#This Row],[JAN]:[DEZ]]) -> 0
B65: RAU3I63 | O65: =SUM(Tabela5812[[#This Row],[JAN]:[DEZ]]) -> 0
B66: RAX6E36 | O66: =SUM(Tabela5812[[#This Row],[JAN]:[DEZ]]) -> 0
B67: TOTAL 15° | C67: =SUM(C62:C66) -> 0 | D67: =SUM(D62:D66) -> 0 | E67: =SUM(E62:E66) -> 0 | F67: =SUM(F62:F66) -> 0 | G67: =SUM(G62:G66) -> 0 | H67: =SUM(H62:H66) -> 0 | I67: =SUM(I62:I66) -> 0 | J67: =SUM(J62:J66) -> 0 | ... N67: =SUM(N62:N66) -> 0 | O67: =SUM(Tabela5812[[#This Row],[JAN]:[DEZ]]) -> 0

Sheet FAT MENSAL LEB 2026
B39: 2026
B40: 1 A 15 DO MÊS
B41: PLACAS | C41: JAN | D41: FEV | E41: MAR | F41: ABR | G41: MAI | H41: JUN | I41: JUL | J41: AGO | K41: SET | L41: OUT | M41: NOV | N41: DEZ | O41: TOTAL ANUAL
B42: RAQ3J90 | J42: -
B43: RAQ5F96
B44: RAT8F79
B45: RAU3I63
B46: RAX6E36
B47: TOTAL QUINZENA | C47: =SUM(C42:C46) -> 0 | D47: =SUM(D42:D46) -> 0 | E47: =SUM(E42:E46) -> 0 | F47: =SUM(F42:F46) -> 0 | G47: =SUM(G42:G46) -> 0 | H47: =SUM(H42:H46) -> 0 | I47: =SUM(I42:I46) -> 0 | J47: =SUM(J42:J46) -> 0 | ... O47: =SUM(O42:O46) -> 0
B49: 2026
B50: 16 A 30 DO MÊS
B51: PLACAS | C51: JAN | D51: FEV | E51: MAR | F51: ABR | G51: MAI | H51: JUN | I51: JUL | J51: AGO | K51: SET | L51: OUT | M51: NOV | N51: DEZ | O51: TOTAL ANUAL
B52: RAQ3J90
B53: RAQ5F96
B54: RAT8F79
B55: RAU3I63
B56: RAX6E36
B57: TOTAL QUINZENA | C57: =SUM(C52:C56) -> 0 | D57: =SUM(D52:D56) -> 0 | E57: =SUM(E52:E56) -> 0 | F57: =SUM(F52:F56) -> 0 | G57: =SUM(G52:G56) -> 0 | H57: =SUM(H52:H56) -> 0 | I57: =SUM(I52:I56) -> 0 | J57: =SUM(J52:J56) -> 0 | ... O57: =SUM(O52:O56) -> 0

Sheet rascunho estrutura 2
C1: 1ª | D1: 2ª | E1: TOTAL
A2: RAT8F79 | B2: LEBRINHA
B3: CLIENTE
B4: TOTAL
A5: RAQ5F96 | B5: LEBRINHA
B6: CLIENTE
B7: TOTAL
A8: RAU3I63 | B8: LEBRINHA
B9: CLIENTE
B10: TOTAL
A11: RAQ3J90 | B11: LEBRINHA
B12: CLIENTE
B13: TOTAL
A14: RAX6E36 | B14: LEBRINHA
B15: CLIENTE
B16: TOTAL
